GTIN,Item Name,Qty,Unit Cost
5713799201200,ARMY PAINTER PLASTIC GLUE 20GM (6),5,3.8
5713799201309,BATTLEFIELDS: BASING GLUE (6),4,3.8
5060716751011,THE ISLE OF CATS (4),1,34.7
5713799201408,ARMY PAINTER SUPER GLUE 20GM (6),3,3.8
634482732205,DND UNPAINTED MINIS WV4 ADVENTURER'S CAMPSITE (12),1,23.45
658956201110,"CHESS SET, 11"" FOLDING BOOK STYLE (OAK) (12)",1,40.5
729220070593,POINT SALAD (6/24),2,19.85
8429551280310,VALLEJO: AEROSOL GUNMETAL 400ML (6),1,11.25
703558839404,GLITTER HEARTS RPG (24),1,23.2
634482750131,DND FRAMEWORKS WV1 HUMAN FIGHTER MALE (72),1,11.3
5713799200180,WARPAINTS: SPEEDPAINT GRIM BLACK (6),2,3.65
5713799200289,WARPAINTS: SPEEDPAINT GRAVELORD GREY (6),3,3.65
5713799200388,WARPAINTS: SPEEDPAINT HOLY WHITE (6),3,3.65
703558839473,BANANYA (24),1,11.6
5713799203006,WARPAINTS: SPEEDPAINT BROADSWORD SILVER (6),3,3.65
634482962909,DND ICONS 30: PLANESCAPE ADV IN MULTIVERSE 8CT BST (4),1,120.65
195166229287,MTG RAVNICA REMASTERED COLLECTOR BOOSTER (16/12/24,1,410.0
195166248905,MTG MURDERS AT KARLOV MANOR PLAY BOOSTER (15/36/6),1,175.56
5713799316300,WARPAINTS: FANATIC EFFECTS DISGUSTING SLIME (6),2,3.3
5713799316805,WARPAINTS: FANATIC EFFECTS VERDIGRIS (6),1,3.3
195166252391,MTG OUTLAWS OF THUNDER JUNCTION PLAY BOOSTER (15/36/6),1,173.55
195166253602,MTG MODERN HORIZONS 3 PLAY BOOSTER (15/36/6),6,320.9
